Workbook

Sheet 美团客房OTA
A1: 美团订单号 | B1: 结算金额 | C1: 订单底价 | D1: 技术服务费
A2: 5035035859420585539 | B2: 1018.8 | C2: 1018.8 | D2: 113.2
A3: 5035035843998966336 | B3: 2358 | C3: 2358 | D3: 262
A4: 5035035860916164555 | B4: 1018.8 | C4: 1018.8 | D4: 113.2
A5: 5035035854639272006 | B5: 1018.8 | C5: 1018.8 | D5: 113.2
A6: 5035035843846267836 | B6: 2358 | C6: 2358 | D6: 262
A7: 5035035849984984713 | B7: 2457.9 | C7: 2457.9 | D7: 273.1
A8: 5035035847942388360 | B8: 944.1 | C8: 944.1 | D8: 104.9
A9: 5026028625344753431 | B9: 1139.4 | C9: 1139.4 | D9: 126.6
A10: 5026028620507264918 | B10: 1018.8 | C10: 1018.8 | D10: 113.2
A11: 5035035860996827177 | B11: 944.1 | C11: 944.1 | D11: 104.9
A12: 5035035865045599451 | B12: 1018.8 | C12: 1018.8 | D12: 113.2
A13: 5035035859326763221 | B13: 2037.6 | C13: 2037.6 | D13: 226.4
... A52: 5035035859521100817 | B52: 1436.4 | C52: 1436.4 | D52: 159.6
B53: =SUM(B2:B52) -> 72691.2

Sheet 美团客房rezen
A1: 外部订单号 | B1: 金额 | C1: 借方
A2: 5035035860916164555 | B2: 1132 | C2: 1132
A3: 5026028625344753431 | B3: 1266 | C3: 1266
A4: 5035035849984984713 | B4: 2731 | C4: 2731
A5: 5035035843846267836 | B5: 2620 | C5: 2620
A6: 5035035843998966336 | B6: 2620 | C6: 2620
A7: 5035035854639272006 | B7: 1132 | C7: 1132
A8: 5026028620507264918 | B8: 1132 | C8: 1132
A9: 5035035847942388360 | B9: 1049 | C9: 1049
A10: 5035035860996827177 | B10: 1049 | C10: 1049
A11: 5035035859420585539 | B11: 1132 | C11: 1132
A12: 5035035864156924880 | B12: 1266 | C12: 1266
A13: 5035035859326763221/202607120031 | B13: 2264 | C13: 2264
... A55: 5035035871962734714 | B55: 1596 | C55: 1596
B56: =SUM(B2:B55) -> 80768

Sheet 美团餐饮OTA
A1: 券号 | B1: 订单号 | C1: 售价（美团售价） | D1: 平台服务费-技术服务费（平台实际扣除）
A2: 029198044711 | B2: 5026047104801667112 | C2: 168 | D2: 6.72
A3: 029214344486 | B3: 5026047104033539511 | C3: 168 | D3: 6.72
A4: 032026702954 | B4: 5026047120242435787 | C4: 598 | D4: 23.92
A5: 030897555046 | B5: 5026047129702161014 | C5: 95 | D5: 3.8
A6: 030338455684 | B6: 5026047129702161014 | C6: 95 | D6: 3.8
A7: 030401755906 | B7: 5026047129702161014 | C7: 95 | D7: 3.8
A8: 032199102431 | B8: 5026047142187064675 | C8: 598 | D8: 23.92
A9: 030902855308 | B9: 5026047158727832484 | C9: 95 | D9: 3.8
A10: 031205455617 | B10: 5026047158727832484 | C10: 95 | D10: 3.8
A11: 031238255153 | B11: 5026047158727832484 | C11: 95 | D11: 3.8
A12: 031169455020 | B12: 5026047158727832484 | C12: 95 | D12: 3.8
A13: 031219455229 | B13: 5026047158727832484 | C13: 95 | D13: 3.8
... A139: 027426087696 | B139: 5035054649487282732 | C139: 138 | D139: 6.9
C140: =SUM(C2:C139) -> 26235

Sheet 美团餐饮rezen
A1: 金额 | B1: 结账单号
A2: 298 | B2: 2607110040
A3: 95 | B3: 2607110064
A4: 138 | B4: 2607110073
A5: 168 | B5: 2606280003
A6: 168 | B6: 2606280007
A7: 598 | B7: 2606280031
A8: 285 | B8: 2606280051
A9: 598 | B9: 2606290012
A10: 570 | B10: 2606300001
A11: 598 | B11: 2607010014
A12: 598 | B12: 2607010013
A13: 398 | B13: 2607030024
... A59: 598 | B59: 2607110042
A60: =SUM(A2:A59) -> 25937

Sheet 携程客房OTA
A1: 订单号 | B1: 结算价 | C1: 付面付底 | D1: 订单折前底价/卖价 | E1: 底价/卖价折扣金额 | F1: 底价/卖价补款金额 | G1: 闪住杂费 | H1: 币种
A2: 1128149136944097 | B2: 5424 | C2: 面价 | D2: 8414.00 | E2: -2990 | F2: 0.00 | G2: 0 | H2: RMB
A3: 1128149206500042 | B3: 1131 | C3: 面价 | D3: 1986.00 | E3: -855 | F3: 0.00 | G3: 0 | H3: RMB
A4: 1128149165313125 | B4: 3393 | C4: 面价 | D4: 5958.00 | E4: -2565 | F4: 0.00 | G4: 0 | H4: RMB
A5: 1128149177759445 | B5: 1264 | C5: 面价 | D5: 2221.00 | E5: -957 | F5: 0.00 | G5: 0 | H5: RMB
A6: 1128149177881022 | B6: 1264 | C6: 面价 | D6: 2221.00 | E6: -957 | F6: 0.00 | G6: 0 | H6: RMB
A7: 1128149178095552 | B7: 2528 | C7: 面价 | D7: 4442.00 | E7: -1914 | F7: 0.00 | G7: 0 | H7: RMB
A8: 1128149214012362 | B8: 1131 | C8: 面价 | D8: 1986.00 | E8: -855 | F8: 0.00 | G8: 0 | H8: RMB
A9: 1128149207935836 | B9: 1131 | C9: 面价 | D9: 1986.00 | E9: -855 | F9: 0.00 | G9: 0 | H9: RMB
A10: 1128149200737424 | B10: 1131 | C10: 面价 | D10: 1986.00 | E10: -855 | F10: 0.00 | G10: 0 | H10: RMB
A11: 1128149177689183 | B11: 1465 | C11: 面价 | D11: 2574.00 | E11: -1109 | F11: 0.00 | G11: 0 | H11: RMB
A12: 1128149202779644 | B12: 1131 | C12: 面价 | D12: 1986.00 | E12: -855 | F12: 0.00 | G12: 0 | H12: RMB
A13: 1128149206937157 | B13: 1465 | C13: 面价 | D13: 2574.00 | E13: -1109 | F13: 0.00 | G13: 0 | H13: RMB
... A229: 1128149337331622 | B229: 1381.56 | C229: 底价 | D229: 1381.56 | E229: 0 | F229: 0.00 | G229: 0 | H229: RMB
B230: =SUM(B2:B229) -> 449224.56
B231: =B230-'[1]7.13-7.19rezen'!H250 -> 0

Sheet 携程客房rezen
A1: 外部订单号 | B1: 金额
A2: 1128148803668321 | B2: 5314
A3: 1359045809240962 | B3: 2927
A4: 1658113191334189 | B4: 2890
A5: 1128149136944097 | B5: 2712
A6: 1128149136944097 | B6: 2712
A7: 1359045960064044 | B7: 2514
A8: 1658113074342905 | B8: 2407
A9: 1359045810501677 | B9: 2407
A10: 1359045942424075 | B10: 2407
A11: 1128149165313125 | B11: 1131
A12: 1128149176471839 | B12: 1131
A13: 1128148903593992 | B13: 1465
... A102: 1128148940803890 | B102: 5778
B103: 1189
A104: 1128148997364859 | B104: 3591
A105: 1128148997343157 | B105: 3591
A106: 1128148997343157 | B106: 3591
A107: 1128148997343157 | B107: 3591
A108: 1128148997343157 | B108: 3591
A109: 1128148997343157 | B109: 3591
A110: 1128148999707784 | B110: 3591
A111: 1128149076713435 | B111: 2098
A112: 1128149102346008 | B112: 2000
A113: 1128149239815588 | B113: 1998
A114: 1359046077822165 | B114: 1264
A115: 1359046077822165 | B115: 1264
... A249: 1128149337331622 | B249: 1381.56
B250: =SUM(B2:B249) -> 449224.56

Sheet 携程餐饮OTA
A1: 券号 | B1: 美食林券号 | C1: 底价 | D1: 卖价 | E1: 佣金
A2: 2560562720765590 | C2: 568.1 | D2: 598 | E2: =D2-C2 -> 29.9
A3: 2561208693958237 | C3: 311.6 | D3: 328 | E3: =D3-C3 -> 16.4
A4: 2558052416606305 | B4: 817865590017 | C4: 568.1 | D4: 598 | E4: =D4-C4 -> 29.9

Sheet 携程餐饮rezen
A1: 姓名/描述 | B1: 金额 | C1: 借方 | D1: 结账单号
A2: 公/社 | B2: 298 | C2: 298 | D2: 2607110039

Sheet 飞猪OTA1
A1: 订单号 | B1: 服务费 | C1: 分账金额
A2: 3312222999039016781 | B2: 464.57 | C2: 2978
A3: 5124525048350007230 | B3: 268.21 | C3: 1302
A4: 3312864590093014877 | B4: 306.53 | C4: 1488
A5: 3313287445818014492 | B5: 206 | C5: 1000
A6: 3312409586635026490 | B6: 268.21 | C6: 1302
A7: 5123940482482043301 | B7: 312.51 | C7: 1517
A8: 5124554496267004208 | B8: 203.28 | C8: 1303
A9: 3312215366812318878 | B9: 134.1 | C9: 1265
A10: 5125084921721045410 | B10: 247 | C10: 1199
A11: 3312177098783174850 | B11: 206 | C11: 1000
A12: 5124386486050133035 | B12: 246.79 | C12: 1198
A13: 5124498696481006746 | B13: 526.12 | C13: 2554
... A16: 3312152006548001476 | B16: 232.78 | C16: 1130
C17: =SUM(C2:C16) -> 22367

Sheet 飞猪OTA2
A1: 套餐订单号 | B1: 日历房订单号 | C1: 佣金 （服务费+里程费用+基础软件服务费） | D1: 服务费 | E1: 分账总金额
A2: 3303053223628038882 | B2: 3312636206367002055 | C2: 83.205 | D2: 73.42 | E2: 1631.50

Sheet 飞猪rezen
A1: 外部订单号 | B1: 金额 | C1: 佣金
A2: 5124498696481006746 | B2: 2554 | C2: =ROUND(VLOOKUP(A2,[2]日历房!$A$123:$AM$137,12,0),3) -> 526.12
A3: 3312215366812318878 | B3: 1265 | C3: =ROUND(VLOOKUP(A3,[2]日历房!$A$123:$AM$137,12,0),3) -> 134.1
A4: 5124371006438013443 | B4: 1131 | C4: =ROUND(VLOOKUP(A4,[2]日历房!$A$123:$AM$137,12,0),3) -> 176.45
A5: 3312152006548001476 | B5: 1130 | C5: =ROUND(VLOOKUP(A5,[2]日历房!$A$123:$AM$137,12,0),3) -> 232.78
A6: 5124283131394003609 | B6: =1000+1000 -> 2000 | C6: =ROUND(VLOOKUP(A6,[2]日历房!$A$123:$AM$137,12,0),3) -> 412
A7: 3312222999039016781 | B7: 2978 | C7: =ROUND(VLOOKUP(A7,[2]日历房!$A$123:$AM$137,12,0),3) -> 464.57
A8: 5123940482482043301 | B8: 1517 | C8: =ROUND(VLOOKUP(A8,[2]日历房!$A$123:$AM$137,12,0),3) -> 312.51
A9: 5124554496267004208 | B9: 1303 | C9: =ROUND(VLOOKUP(A9,[2]日历房!$A$123:$AM$137,12,0),3) -> 203.28
A10: 5124525048350007230 | B10: 1302 | C10: =ROUND(VLOOKUP(A10,[2]日历房!$A$123:$AM$137,12,0),3) -> 268.21
A11: 3312409586635026490 | B11: 1302 | C11: =ROUND(VLOOKUP(A11,[2]日历房!$A$123:$AM$137,12,0),3) -> 268.21
A12: 5125084921721045410 | B12: 1199 | C12: =ROUND(VLOOKUP(A12,[2]日历房!$A$123:$AM$137,12,0),3) -> 247
A13: 5124386486050133035 | B13: 1198 | C13: =ROUND(VLOOKUP(A13,[2]日历房!$A$123:$AM$137,12,0),3) -> 246.79
A14: 3312177098783174850 | B14: 1000 | C14: =ROUND(VLOOKUP(A14,[2]日历房!$A$123:$AM$137,12,0),3) -> 206
A15: 3312864590093014877 | B15: 1488 | C15: =ROUND(VLOOKUP(A15,[2]日历房!$A$123:$AM$137,12,0),3) -> 306.53
A16: 3313287445818014492 | B16: 1000 | C16: =ROUND(VLOOKUP(A16,[2]日历房!$A$123:$AM$137,12,0),3) -> 206
B17: =SUM(B2:B16) -> 22367

Sheet 抖音OTA
A1: 券码 | B1: 各类服务费率基数（=订单实收-代商家出资补贴-平台补贴（不参与抽佣）） | C1: 软件服务费费率 | D1: 达人佣金比例 | E1: 服务商佣金 | F1: 服务商佣金比例 | G1: 服务商名称 | H1: 职人激励佣金
A2: 1113321043137305229 | B2: 1129 | C2: -90.32 | D2: 0 | E2: 0 | F2: -112.9 | G2: 10.00% | H2: 湖州全都来了网络科技有限公司
A3: 1113149746488985282 | B3: 1129 | C3: -90.32 | D3: -45.16 | E3: 0 | F3: -67.74 | G3: 6.00% | H3: 湖州全都来了网络科技有限公司
A4: 1113387654177305229 | B4: 1318 | C4: -105.44 | D4: 0 | E4: 0 | F4: -131.8 | G4: 10.00% | H4: 湖州全都来了网络科技有限公司
A5: 1113295146003860653 | B5: 1199 | C5: -95.92 | D5: 0 | E5: 0 | F5: 0 | G5: 0.00% | H5: -
A6: 1112762128909466071 | B6: 1129 | C6: -90.32 | D6: 0 | E6: 0 | F6: -112.9 | G6: 10.00% | H6: 湖州全都来了网络科技有限公司
A7: 1112830851022104278 | B7: 1129 | C7: -90.32 | D7: 0 | E7: 0 | F7: -112.9 | G7: 10.00% | H7: 湖州全都来了网络科技有限公司
A8: 1113103643685784384 | B8: 1129 | C8: -90.32 | D8: 0 | E8: 0 | F8: -112.9 | G8: 10.00% | H8: 湖州全都来了网络科技有限公司
A9: 1113496761987224921 | B9: 1129 | C9: -90.32 | D9: -45.16 | E9: 0 | F9: -67.74 | G9: 6.00% | H9: 湖州全都来了网络科技有限公司
A10: 1113055368499221128 | B10: 1129 | C10: -90.32 | D10: 0 | E10: 0 | F10: -112.9 | G10: 10.00% | H10: 湖州全都来了网络科技有限公司
A11: 1113466212889623928 | B11: 1318 | C11: -105.44 | D11: -52.72 | E11: 0 | F11: -79.08 | G11: 6.00% | H11: 湖州全都来了网络科技有限公司
A12: 1113122519291546468 | B12: 1129 | C12: -90.32 | D12: -45.16 | E12: 0 | F12: -67.74 | G12: 6.00% | H12: 湖州全都来了网络科技有限公司
A13: 1113596402146581623 | B13: 1138 | C13: -91.04 | D13: -57.36 | E13: -10.92 | F13: -45.52 | G13: 4.00% | H13: 湖州全都来了网络科技有限公司
B14: =SUM(B2:B13) -> 14005 | C14: =SUM(C2:C13) -> -1120.4 | D14: =SUM(D2:D13) -> -245.56 | E14: =SUM(E2:E13) -> -10.92 | F14: =SUM(F2:F13) -> -1024.12 | G14: =B14+D14+F14+E14 -> 12724.4 | H14: =+F14+D14+C14+E14 -> -2401

Sheet 抖音rezen
A1: 外部订单号 | B1: 金额
A2: 1113325226320024384 | B2: 1129
A3: 1112824555320984278 | B3: 1129
A4: 1113463676227224921 | B4: 1129
A5: 1113289085978901128 | B5: 1129
A6: 1113149729632665282 | B6: 1129
A7: 1112762323132186071 | B7: 1129
A8: 1112619818931226468 | B8: 1129
A9: 1113321000312985229 | B9: 1129
A10: 1112758763784343928 | B10: 1318
A11: 1113321034795545229 | B11: 1318
A12: 1113295146003860653 | B12: 1199
A13: 1095311065506581623 | B13: 1138
B14: =SUM(B2:B13) -> 14005
